{"cameraMode":{"drawMode":0,"name":"Shaded","section":"Shading Mode"},"sceneLighting":true,"audioPlay":false,"sceneViewState":{"showFog":true,"showMaterialUpdate":false,"showSkybox":true,"showFlares":true,"showImageEffects":true,"showParticleSystems":true},"in2DMode":false,"pivot":{"x":-9.264573097229004,"y":0.22522735595703126,"z":-11.144796371459961},"rotation":{"x":-0.3276021182537079,"y":0.672433078289032,"z":-0.4693579077720642,"w":-0.46957215666770937},"size":26.234573364257814,"orthographic":false}