{"cameraMode":{"drawMode":0,"name":"Shaded","section":"Shading Mode"},"sceneLighting":true,"audioPlay":false,"sceneViewState":{"showFog":true,"showMaterialUpdate":false,"showSkybox":true,"showFlares":true,"showImageEffects":true,"showParticleSystems":true},"in2DMode":false,"pivot":{"x":2.8464088439941408,"y":-0.6880035400390625,"z":-2.486837387084961},"rotation":{"x":-0.06950826942920685,"y":-0.8793637156486511,"z":0.4514613449573517,"w":-0.135336235165596},"size":47.357421875,"orthographic":false}